,Names,About
0,CodeNinja,"CodeNinja is a global software services company that provides business consulting, information technology, and outsourcing services. The company, founded in 2015, has more than 200 employees and provides cloud services, custom software development, e-commerce, and nearshore dedicated teams. CodeNinja Inc. serves enterprise and other-sized companies in various industries that include financial services, energy & natural resources, medical etc."
1,Innowise,"Innowise Group is a custom software development company based in Warsaw, Poland. With more than 1000 specialists on board and 600 projects completed, they use cutting-edge technologies to transform their client's businesses. They are experts in designing and developing tech solutions that will help your company enhance its processes and increase customer satisfaction, thanks to their 15+ years of experience and extensive expertise. They create custom software to fit your unique requirements in terms of timeline, budget, and use case. They handle every step of the development process, from product concept and development to testing, deployment, and support. In addition to building custom software, we also excel in UX/UI design, IT strategy consulting, and staff augmentation."
2,Simform,"Simform is a custom software development company founded in 2010. They have helped organizations ranging from startups, Fortune 500 companies, and WHO-backed NGOs. The team of 250+ delivers digital solutions for their clients and offer artificial intelligence services, API integration, dedicated software development team, and software testing services."
3,Dualboot Partners,"Dualboot Partners is a product design and software engineering company founded in Raleigh, N.C. in 2018 with over 50 professionals. They offer custom software development and application testing solutions for various clients."
4,GoodCore Software,"Founded in 2005 and headquartered in Croydon, UK, GoodCore Software specializes in bespoke software development. WIth a team of about 50 employees, the company offers web and mobile app development to startups and established businesses alike. Engagement options include fixed- cost and dedicated development teams."
5,Codup,"Codup.co is a software development company that provides custom software development, web development, and e-commerce development services to their small business, enterprise, and mid-market clients in the hospitality and leisure, manufacturing, and e-commerce industries. Based in Karachi, their company is made up of 50 employees."
6,ObjectStyle,"ObjectStyle is a custom software development agency founded in the U.S. in 2002. The Warsaw-based Polish subsidiary was established in 2018 and grew significantly ever since. The company specializes in architecting software systems from scratch, modernizing legacy platforms, IT consulting, and IT team augmentation. ObjectStyle works with large and small companies, from startups to Blue Chip corporations, offering an excellent price-to-quality ratio with its services."
7,Darly Solutions,"LLC Darly Solutions is a Kharkiv, Ukraine-based web development company. The small firm was established in 2017. Their services include web development, ux/ui design, and mobile app development."
8,Matrix Media Solutions (P) Ltd.,"Matrix Media Solutions (P) Ltd is a digital development and marketing company based in Kolkata, India. The company, founded in 2003, has over 150 employees and provides a wide range of digital services that include application testing, AI, custom software development, web design & development, mobile app development, SEO, PPC, and social media marketing services to various companies."
9,Tower Tech LLC,"Tower Technologies is a Lahore, Pakistan-based web development company. The small team specializes in web development, BI & big data consulting & SI, and web design. The firm was founded in 2001."
10,Ropstam Solutions Inc.,"Rosptam BPO Inc. is an offshore services company based in Islamabad with an office in Milton, Canada. The company, founded in 2009, has more than 100 employees and provides custom software development, web development, and mobile app development services. Rosptam BPO Inc. serves small and larger-sized companies in various industries."
11,Venturenox,"Imroz is a cloud consulting & SI company. The small team is located in Lahore, Pakistan and London, United Kingdom. Their services include cloud consulting & SI, Artificial Intelligence, BI & big data consulting & SI, mobile app development, and more."
12,CodeFulcrum,"CodeFulcrum is a website development firm launched in 2019. Their small team is based in Lahore, Pakistan. The agency specializes in web development, custom software development, BI & big data consulting & SI, mobile app development, and more."
13,VentureDive,"VentureDive Pvt. Ltd. is a technology solutions company based in Karachi, Pakistan founded in 2012. Their team of over 250 professionals has offered UX/UI design, IT strategy consulting, and cloud consulting & SI services to clients ranging from startups to large firms for years. They have experience working in the industries of business and financial services as well as IT."
14,Arbisoft,"Arbisoft and its team of 300+ employees is a full-service software development company with a homebase in McKinney, TX. With other offices in Malaysia, Pakistan, and Australia, the company has a large of portfolio of Fortune 500 clients."
15,Shispare Pvt. Ltd.,"Headquartered in Lewisville, Texas and Karachi, Pakistan, Shispare Pvt. Ltd. Is a ERP consulting and SI company. They specialize in ERP consulting and SI, ux/ui design, IT staff augmentation, warehousing & distribution, and more and were founded in 2012."
16,Origami Studios,"Origami Studios is a mobile application development company headquartered in Parsippany, NJ with additional locations in San Diego, and Lahore, Pakistan. Founded in 2012, they now have about 16 employees. Their services include mobile app and e-commerce development as well as UX/UI design for small to enterprise-sized clients in the advertising and marketing, business services, and gaming industries."
17,WPExperts,"Software development firm WPExperts is located in Karachi, Pakistan and Alexandria, Egypt. Founded in 2011, the midsize team focuses on custom software development, web development, mobile app development, web design, and more."
18,Phaedra Solutions,Phaedra Solutions is a top software development company with 4 locations worldwide and over 7 years of making great software. Phaedra Solutions is a full-cycle software development firm that specializes in cutting-edge engineering solutions for startups and business owners. We develop large-scale enterprise applications for businesses to develop robust software architecture.
19,Bitswits,"Bitswits is a midsize application development firm. Established in 2010, the firm is headquartered in Dover, Delaware. Their team offers mobile app development, blockchain, and custom software development."
20,Ekkel AI,"Ekkel AI is a Lahore, Pakistan-based website development firm. The small agency was launched in 2021. Their services include web development, Artificial Intelligence, mobile app development, custom software development, and more."
21,Techverx,"Techverx is a software development firm that has been offering web development, mobile app development, and custom software development to their mid-market, small business, and enterprise clients in the hospitality and leisure, gaming, and advertising and marketing industries since 2010. Their 50 employees are based out of their Lahore office."
22,RIKSOF,"RIKSOF is a custom mobile and web app development agency based in Middletown, Del. Founded in 2009, the team comprises around 50 members catering to small, medium, and large businesses. Their special areas of focus include healthcare, education, retail, and on-demand apps."
23,Software Pro,"Software Pro, a digital strategy company, is located in Las Vegas, Nevada. The midsize team specializes in digital strategy, custom software development, web development, mobile app development, and more and was established in 2015."
24,Emblem Technologies Inc.,"Emblem Technologies Inc. Is a digital strategy company. They are in Dover, Delaware; Lahore, Pakistan and Manila, Philippines and have a midsize team that offers digital strategy, product design, IT strategy consulting, BI & big data consulting & SI, and more. The agency was founded in 2009."
25,WeUno Technologies,"WeUno is a digital agency founded in 2016 in Karachi, Pakistan. Their team of no more than 50 specializes in web development, mobile app development, and social media marketing services for clients in the fields of advertising, IT services, and e-commerce."
26,Techmate Tech LLC,"Software development firm Techmate Tech LLC is in Killeen, Texas and Lahore, Pakistan. The small team offers custom software development, Artificial Intelligence, mobile app development, blockchain, and more. The company was founded in 2014."
27,Intelligenes Inc.,"Software development company Intelligenes was founded in 2006. Their small team is in Toronto, Canada and Karachi, Pakistan and focuses on custom software development, IT managed services, mobile app development, and web development."
28,DPL,"DPL is an IT consultancy based in Islamabad, Pakistan with over 50 experts. Founded in 2003, they have provided custom software, web, and mobile app development solutions for clients ranging from small firms to big companies in the fields of e-commerce and nonprofit."
29,Objects,"E-commerce development company Objects is located in Alexandria, Egypt. The agency provides e-commerce development, graphic design, mobile app development, web design, and more and is small.The agency was founded in 2012."
30,Stampa Solutions,"Web design agency Stampa Solutions was launched in 2010. Their midsize team is headquartered in Pen Argyl, Pennsylvania and Lahore, Pakistan. Stampa Solutions provides web design, IT strategy consulting, CRM consulting and SI, IT managed services, and more."
31,OnDemandStartups,"Founded in 2017, OnDemandStartups is an app development company with locations in Chennai, India and Chicago. With a team of fewer than 50 employees, the company provides mobile and custom software development services. Their clientele is composed mainly of small businesses in the IT industry."
32,FiveRivers Technologies,"FiveRivers Technologies is a midsize big data company. The Lahore, Pakistan-based agency was founded in 2003. Their team focuses on BI & big data consulting & SI, custom software development, ux/ui design, IoT development, and more."
33,BitBytes,"Founded in 2017, BitBytes is headquartered in Lahore, Pakistan with another location in Tartu, Estonia. With 9 employees, the team provides web development, e-commerce development, and web design services for enterprise, midmarket, and small businesses focused on business services, retail, and education industries."
34,CarbonTeq,"CarbonTeq is an app development firm. Their small team is headquartered in Lahore, Pakistan and specializes in mobile app development, web development, custom software development, ux/ui design, and more. The company was established in 2013."
35,5StarDesigners Ltd.,"5StarDesigners is a design agency founded in London in 2013 with more than 10 members. They are experts in UX/UI design, mobile app development, and custom software development solutions for small and medium-sized companies."
36,Systems Limited,"NetSol Technologies is a global software solutions providerspecializing in developing and delivering innovative and robust software products for theleasing and finance industries. With offices in the US, UK, China, and Australia, NetSolSystems has a strong presence in the international market. Its flagship product, NetSolFinancial Suite (NFS), is a comprehensive end-to-end solution that enables leasing andfinance companies to manage their entire operations from a single platform."
37,NetSol Technologies,"Techlogix is a leading global IT Services and ConsultingCompany that provides many clients with end-to-end Software Development, applicationmanagement, and business process outsourcing services. The company specializes in developingcustom software solutions for the banking, insurance, healthcare, and retail industries.Techlogix has a strong presence in the Middle East and South Asia, with offices in Pakistan,Dubai, and Saudi Arabia."
38,Techlogix,"Q-Soft Technologies is a Software House inPakistan specializing in custom software solutions for businesses of all sizes.With a team of highly skilled software developers and designers, Q-Soft Technologiesdelivers innovative and cost-effective solutions to clients in a variety of industries. Thecompany is based in Karachi, Pakistan, and has operated since 1998."
39,Q-Soft Technologies,"Another Software Development Company, ""Contour Software,"" is aleading provider of point-of-sale (POS) software for businesses of all sizes. Its flagshipproduct, Counterpoint, is a comprehensive retail management system that enables businessesto manage their entire operations from a single platform. Counter Software also provides arange of add-ons and modules that can be customized to meet the specific needs of individualbusinesses."
40,Contour Software,"Avanza Solutions is a leading provider of innovative ITSolutions and services to the banking and financial services industries. Thecompany's flagship product, One Banc, is a comprehensive digital banking platform thatenables banks to provide their customers with a seamless and secure banking experienceacross multiple channels. Avanza Solutions has a strong presence in the Middle East, Asia,and Africa, with offices in Pakistan, UAE, Saudi Arabia, and Kenya."
41,Avanza Solutions,"Arpatech is a leading provider of software development and ITconsulting services to clients in various industries. The company specializes in developingcustom software solutions for businesses of all sizes and has a team of highly skilledsoftware developers and designers. Arpatech is based in Karachi, Pakistan, and has operatedsince 2003."
42,Arpatech,"Zepto Systems is a global IT Services and consulting companythat provides end-to-end Software Development, application management, andbusiness process outsourcing services to clients in various industries. The companyspecializes in developing custom software solutions for businesses of all sizes and has ateam of highly skilled software developers and designers. Zepto Systems is based in the UK,with offices in Pakistan and Canada."
43,Zepto Systems,"Folio3 is a leading provider of e-commerce solutions forbusinesses of all sizes. The company specializes in developing custom e-commerce websites,mobile applications, and other online platforms that enable businesses to sell theirproducts and services online. Follo3 also provides a range of Digital Marketing and SEOServices to help businesses drive traffic to their online stores."
44,Folio3,"Ovex Technologies is an IT company leadingprovider of business process outsourcing (BPO) services to clients in various industries.The company provides customer support, data entry, and back-office support services. It hasa team of highly skilled professionals who are dedicated to providing high-quality servicesto clients. Ovex Technologies is based in Islamabad, Pakistan, and has operated since 2003."
45,Ovex Technologies,"Because of our services and high-caliber work, we (ITEMPIRE) are atthe top of the list of Software Companies in Pakistan and are targeted tobe on the list of top IT companies in 2023. Our software development teamhas years of experience and consistently provides work of the highest caliber. We havecustomers from all around the world, and we offer them excellent services. The great work wedo is displayed in our fantastic portfolio. Among the Best Software Houses inFaisalabad, team ITEMPIRE only provides the town with the best IT solutions. Weare always available for our Customers. Customer Satisfaction is Our First Priority. Our ITcompany offers the best IT awareness and IT solutions in Faisalabad. It is the leadingSoftware House in Faisalabad."
46,Conrad Labs,"Conrad Labs is another famous IT company in Lahore. Their expertise lies in their soundknowledge of SaaS (software as a service), cloud, and other technologies, giving them an edgeover the competition. They have a relatively smaller team but extensive Java, MYSQL, andPython, PHP for web development and mobile applications expertise. Abbas Yousafzai startedthe company in the year 2009. The company continues to work with many industries and hasmany satisfied clients."
47,Mindstorm Studios,"If you are into games, then Mindstorm Studios have outdone themselves in creating some of thebest animations, characters, and games for the world to enjoy. Its reputation precedes it, and thecompany has built gaming apps for iPhones and Androids. They have some of the mostambitious software developers that can make reality into a virtual world. Some of their bestgames are Jurassic Carnival, Tetra Defence, Pic The Word, Lord of Crime, War Inc, and manymore."
48,Config,"Config is one of the leading IT companies in Lahore and offers a myriad of IT-related solutionsto clients. Some of their notable clientele includes Microsoft, Ufone, Sage, cmd,PAKWHEELS.COM hoodie, and many more. They currently have more than 300 members andoffices in Pakistan, the United States of America, and Estonia. Their expertise lies in content management, mobile application and strategy, user interface, andportal management. Furthermore, they have teams with expertise in Visuals storyboards and UIengineering."
49,ABACUS,"ABACUS is one of the top companies in the IT industry in Pakistan as it has transformedbusiness industry through technology. The company was founded in 1987 and has partnered withits clients as technology partners, advisors, consultants, system integrators, and outsourcers.ABACUS has gained its reputation for delivering excellence in its products and services andredefined business processes. They are known to build customizable insight-driven solutions thatcan be customized as per client requirements."
50,Ubisoft,"Ubisoft started with a group of talented technologists who aimed to create a productiveworkplace for talented developers and build jaw-dropping technology. The company has provento be the fasted growing tech company in the entire MENA region and has risen to aninternational level with great connections around the world. They build robust software formobile phones, web applications, and cloud technologies."
51,TRG TECH,"TRG Lahore is a very popular software house in the country. They offer a wide range of ITsolutions to their clientele including Engineering and testing, systems automation, design anddevelopment, systems integration, mobile web solutions, website development and much more.The company is known to build some of the most professional, high-quality software and hassome of the most stringent quality controls in place."
52,TechAbout,"TechAbout offers a myriad of IT-related services and has a number of ongoing projects in theeducation and health industries. Their main goal is to create innovative and out-of-the-worldtechnology to transform the business sector. Furthermore, they give their services in technicalconsulting, designing, quality assurance, and coding."
53,Q soft technologies,"Q soft is one of the best IT firms that excel in programming and consultancy. They target clientsthat use their services and products and enable them to thrive in the ever-evolving digitalmarkets."
54,Khyber coded,"Khyber Coded is one of the best software companies in Peshawar that offers clients a wide range of services in various industries. The company specializes in IT consultancy, software design and development, professional services, and hardware deployment and maintenance. Khyber coded serves clients across multiple verticals, including government agencies at the local and central levels, mobile apps, financial services (such as insurance, banking, and clearing house), energy and utilities, healthcare, and education."
55,Xtreme Software Services Pvt Ltd,"Xtreme Software Services & Digital Marketing is a software development organization based in Peshawar, Pakistan, with a branch office in Abu Dhabi, UAE. The company is listed among top software houses in Peshawar. It provides various technical and digital products and services to meet the needs of its customers. They offer top-notch business software solutions to organizations and entrepreneurs throughout Pakistan. The company has a team of highly skilled and experienced developers who use the latest technologies to design, develop, and deploy software solutions that meet the specific needs of their clients"
56,Mindgigs,"The company offers various services, including web development, mobile app development, software product development, and digital marketing services. The company boasts a team of skilled developers, imaginative graphic designers, compelling SEO experts, and ingenious desktop and mobile application architects who work together to provide innovative and efficient solutions to clients. The company focuses on delivering high-quality services at an affordable cost, making it a popular choice among businesses in Peshawar and beyond. With its commitment to excellence, Mindgigs is poised to become a leading software house in the region."
57,Ilyasoft,"Ilyasoft Software Company is a prominent organization based in Peshawar that offers development services in various areas, such as Desktop, Mobile, and Web Development. The company has recently launched a free academy that provides high-quality training in the development field."
58,Softhat IT Solutions,"The company also offers a variety of other services, including website designing, e-commerce store development, search engine optimization (SEO), social media marketing (SMM), app store optimization (ASO), graphics designing, android apps development, game development, and on-demand training for graduates and undergraduates. The team at Softhat IT Solutions consists of highly skilled and experienced professionals committed to providing quality services to their clients. The company is dedicated to empowering youth by providing them with the skills in high demand in the market. With its exceptional services and commitment to customer satisfaction, Softhat IT Solutions has established itself as a trusted name in the IT industry"
59,Logics Beyond,We offer website development for any kind of business or industry. We can create a professional website for your business. Our website maintenance ser...
60,Sparko Sol,Sparko Sol - is a Multan-based software house company that specializes in developing software for clients or for sale to the general public. Sparko So...
61,eComminers,"DIRECT YOUR AMAZON & OTHER E-COMMERCE BUSINESSES TOWARD SUCCESS

Our eCommerce Marketing Agency helps brands with better sales, higher rankings,..."
62,ZH IT SOLUTIONS,"At ZH IT Solutions, we redefine the paradigm of remote-based IT services. Our forte lies in a comprehensive spectrum of solutions designed to propel y..."
63,MjCoders,"MjCoders stands proudly as Pakistan's premier software company, celebrated for its commitment to excellence and innovation in the field of IT. MjCoder..."
64,Webdavo,"Welcome to Webdavo your one-stop destination for all your digital needs. As a premier website development company, we pride ourselves on offering a co..."
65,Systems Limited,Systems Limited is a globally recognized IT software solution company offering state-of-the-art professional services and BPO offerings in the technol...
66,Mubbshir Ul Haassan,"Mubbshir ul Hassan is a seasoned Web Developer and SEO Expert based in Multan, bringing over 5+ years of extensive experience to the digital realm. Hi..."
67,INFINITY SOLVERS,"Are you looking for a website that users will love to consume?We create everlasting websites for brands, companies, small and large startups, and indu..."
68,Team Scorpions,Team Scorpions was launched in 2016 with the Objective of Bringing out Quality services Both in Creative Designing and Development. With over 5 years...
69,DigiTroopers,DigiTroopers is the best Digital Marketing Agency that provides you with the desiring results in Digital Marketing Services to assist your result...
70,AnalyticsXpert - Digital Marketing Agency,"At AnalyticsXpert, we are dedicated to helping businesses succeed online through data-driven solutions. Our team of experienced marketers and data ana..."
71,Flutterdesk,Flutter app development company provides flutter app development services worldwide. Flutterdesk has provided their services to different client in th...
